<environmentvariabledefinition schemaname="ccmsft_DataverseWebAPI_ClientSecret">
  <description default="If you are using the plain text secret environment variable, LEAVE THIS BLANK">
    <label description="If you are using the plain text secret environment variable, LEAVE THIS BLANK" languagecode="1033" />
  </description>
  <displayname default="DataverseWebAPI_ClientSecret_KeyVault">
    <label description="DataverseWebAPI_ClientSecret_KeyVault" languagecode="1033" />
  </displayname>
  <introducedversion>1.0.0.0</introducedversion>
  <iscustomizable>1</iscustomizable>
  <isrequired>0</isrequired>
  <secretstore>0</secretstore>
  <type>100000005</type>
</environmentvariabledefinition>