<environmentvariabledefinition schemaname="ccmsft_DataverseWebAPI_ClientSecret_PlainText">
  <defaultvalue>Add current value or overwrite this value</defaultvalue>
  <description default="If you are using the Azure Key Vault secret environment variable, LEAVE THIS BLANK">
    <label description="If you are using the Azure Key Vault secret environment variable, LEAVE THIS BLANK" languagecode="1033" />
  </description>
  <displayname default="DataverseWebAPI_ClientSecret_PlainText">
    <label description="DataverseWebAPI_ClientSecret_PlainText" languagecode="1033" />
  </displayname>
  <introducedversion>1.0.0.0</introducedversion>
  <iscustomizable>1</iscustomizable>
  <isrequired>0</isrequired>
  <secretstore>0</secretstore>
  <type>100000000</type>
</environmentvariabledefinition>