{
  "properties": {
    "connectionReferences": {
      "shared_commondataserviceforapps_1": {
        "runtimeSource": "embedded",
        "connection": {
          "connectionReferenceLogicalName": "ccmsft_conref_DataverseWebAPI_Demo"
        },
        "api": {
          "name": "shared_commondataserviceforapps"
        }
      }
    },
    "definition": {
      "$schema": "https://schema.management.azure.com/providers/Microsoft.Logic/schemas/2016-06-01/workflowdefinition.json#",
      "contentVersion": "1.0.0.0",
      "parameters": {
        "$connections": {
          "defaultValue": {},
          "type": "Object"
        },
        "$authentication": {
          "defaultValue": {},
          "type": "SecureObject"
        },
        "DataverseWebAPI_ClientID (ccmsft_DataverseWebAPI_ClientID)": {
          "defaultValue": "90c389c8-259f-477e-8ebc-a0fdfe451321",
          "type": "String",
          "metadata": {
            "schemaName": "ccmsft_DataverseWebAPI_ClientID"
          }
        },
        "DataverseWebAPI_URL (ccmsft_DataverseWebAPI_URL)": {
          "defaultValue": "https://org371e2831.crm.dynamics.com/",
          "type": "String",
          "metadata": {
            "schemaName": "ccmsft_DataverseWebAPI_URL"
          }
        },
        "DataverseWebAPI_ClientSecret_PlainText (ccmsft_DataverseWebAPI_ClientSecret_PlainText)": {
          "defaultValue": "Add current value or overwrite this value",
          "type": "String",
          "metadata": {
            "schemaName": "ccmsft_DataverseWebAPI_ClientSecret_PlainText",
            "description": "If you are using the Azure Key Vault secret environment variable, LEAVE THIS BLANK"
          }
        },
        "DataverseWebAPI_TenantID (ccmsft_DataverseWebAPI_EnvironmentVariable)": {
          "defaultValue": "1557f771-4c8e-4dbd-8b80-dd00a88e833e",
          "type": "String",
          "metadata": {
            "schemaName": "ccmsft_DataverseWebAPI_EnvironmentVariable"
          }
        }
      },
      "triggers": {
        "manual": {
          "metadata": {
            "operationMetadataId": "be6b8f44-da7b-4fd4-bd93-0aba8ad4d8f9"
          },
          "type": "Request",
          "kind": "Button",
          "inputs": {
            "schema": {
              "type": "object",
              "properties": {},
              "required": []
            }
          }
        }
      },
      "actions": {
        "Respond_to_a_Power_App_or_flow": {
          "runAfter": {
            "Get_Client_Secret": [
              "Succeeded"
            ]
          },
          "metadata": {
            "operationMetadataId": "494e7aab-4647-4cfa-8a84-ac2d1b033cc9"
          },
          "type": "Response",
          "kind": "PowerApp",
          "inputs": {
            "statusCode": 200,
            "body": {
              "token": "@body('Parse_JSON')?['access_token']"
            },
            "schema": {
              "type": "object",
              "properties": {
                "token": {
                  "title": "Token",
                  "x-ms-dynamically-added": true,
                  "type": "string"
                }
              }
            }
          }
        },
        "Get_Client_Secret": {
          "actions": {
            "Perform_an_unbound_action_-_Get_Secret": {
              "runAfter": {},
              "metadata": {
                "operationMetadataId": "0b5d3268-acb0-4cc7-baba-c1e460d4e1cb"
              },
              "type": "OpenApiConnection",
              "inputs": {
                "host": {
                  "connectionName": "shared_commondataserviceforapps_1",
                  "operationId": "PerformUnboundAction",
                  "apiId": "/providers/Microsoft.PowerApps/apis/shared_commondataserviceforapps"
                },
                "parameters": {
                  "actionName": "RetrieveEnvironmentVariableSecretValue",
                  "item/EnvironmentVariableName": "ccmsft_DataverseWebAPI_ClientSecret"
                },
                "authentication": {
                  "type": "Raw",
                  "value": "@json(decodeBase64(triggerOutputs().headers['X-MS-APIM-Tokens']))['$ConnectionKey']"
                }
              },
              "runtimeConfiguration": {
                "secureData": {
                  "properties": [
                    "outputs"
                  ]
                }
              }
            },
            "Get_Token": {
              "runAfter": {
                "Perform_an_unbound_action_-_Get_Secret": [
                  "Succeeded",
                  "Failed"
                ]
              },
              "metadata": {
                "operationMetadataId": "eebb24c2-be3a-49a7-94fd-53052c3d7cdf"
              },
              "type": "Http",
              "inputs": {
                "method": "POST",
                "uri": "https://login.microsoftonline.com/@{parameters('DataverseWebAPI_TenantID (ccmsft_DataverseWebAPI_EnvironmentVariable)')}/oauth2/v2.0/token",
                "headers": {
                  "Content-Type": "application/x-www-form-urlencoded"
                },
                "body": "client_id=@{parameters('DataverseWebAPI_ClientID (ccmsft_DataverseWebAPI_ClientID)')}&scope=@{parameters('DataverseWebAPI_URL (ccmsft_DataverseWebAPI_URL)')}/.default&client_secret=@{if(equals(outputs('Perform_an_unbound_action_-_Get_Secret')?['body/EnvironmentVariableSecretValue'],null),parameters('DataverseWebAPI_ClientSecret_PlainText (ccmsft_DataverseWebAPI_ClientSecret_PlainText)'),outputs('Perform_an_unbound_action_-_Get_Secret')?['body/EnvironmentVariableSecretValue'])}&grant_type=client_credentials"
              },
              "runtimeConfiguration": {
                "secureData": {
                  "properties": [
                    "inputs"
                  ]
                }
              }
            },
            "Parse_JSON": {
              "runAfter": {
                "Get_Token": [
                  "Succeeded"
                ]
              },
              "metadata": {
                "operationMetadataId": "5585fe6c-408e-416f-8590-4ae84bf3fed9"
              },
              "type": "ParseJson",
              "inputs": {
                "content": "@body('Get_Token')",
                "schema": {
                  "type": "object",
                  "properties": {
                    "token_type": {
                      "type": "string"
                    },
                    "expires_in": {
                      "type": "integer"
                    },
                    "ext_expires_in": {
                      "type": "integer"
                    },
                    "access_token": {
                      "type": "string"
                    }
                  }
                }
              }
            }
          },
          "runAfter": {},
          "metadata": {
            "operationMetadataId": "59cdad19-0816-43ff-abfd-1ef4b29581b5"
          },
          "type": "Scope"
        }
      }
    },
    "templateName": ""
  },
  "schemaVersion": "1.0.0.0"
}