{
  "properties": {
    "connectionReferences": {},
    "definition": {
      "$schema": "https://schema.management.azure.com/providers/Microsoft.Logic/schemas/2016-06-01/workflowdefinition.json#",
      "contentVersion": "1.0.0.0",
      "parameters": {
        "$authentication": {
          "defaultValue": {},
          "type": "SecureObject"
        }
      },
      "triggers": {
        "manual": {
          "metadata": {
            "operationMetadataId": "2a7cc7ae-0f57-45b1-b594-95c104619f0a"
          },
          "type": "Request",
          "kind": "Button",
          "inputs": {
            "schema": {
              "type": "object",
              "properties": {
                "text": {
                  "title": "TableLogicalName",
                  "type": "string",
                  "x-ms-dynamically-added": true,
                  "description": "crb5f_retailpurchaseses",
                  "x-ms-content-hint": "TEXT"
                }
              },
              "required": [
                "text"
              ]
            }
          }
        }
      },
      "actions": {
        "Terminate_-_Successful": {
          "runAfter": {
            "Get_Dataverse_Records": [
              "Succeeded"
            ]
          },
          "metadata": {
            "operationMetadataId": "b77cfc20-3b74-4530-82c3-408d955634a0"
          },
          "type": "Terminate",
          "inputs": {
            "runStatus": "Succeeded"
          }
        },
        "Terminate_-_Error_Handling": {
          "runAfter": {
            "Get_Dataverse_Records": [
              "Failed",
              "TimedOut"
            ]
          },
          "metadata": {
            "operationMetadataId": "71f311bf-2fa6-4593-8204-369c06f89145"
          },
          "type": "Terminate",
          "inputs": {
            "runStatus": "Failed",
            "runError": {
              "code": "500",
              "message": "Failed to connect"
            }
          }
        },
        "Get_Dataverse_Records": {
          "actions": {
            "Run_a_Child_Flow_-_Get_Bearer_Token": {
              "runAfter": {},
              "metadata": {
                "operationMetadataId": "82b743bc-4a2c-45b3-818d-cc26964b6b46"
              },
              "type": "Workflow",
              "inputs": {
                "host": {
                  "workflowReferenceName": "912fef91-502b-ef11-840a-6045bddcaf75"
                }
              },
              "runtimeConfiguration": {
                "secureData": {
                  "properties": [
                    "outputs"
                  ]
                }
              }
            },
            "HTTP": {
              "runAfter": {
                "Run_a_Child_Flow_-_Get_Bearer_Token": [
                  "Succeeded"
                ]
              },
              "metadata": {
                "operationMetadataId": "7d58c7b0-faf4-4370-ad59-22e34173302d"
              },
              "type": "Http",
              "inputs": {
                "method": "GET",
                "uri": "https://org371e2831.crm.dynamics.com/api/data/v9.2/@{triggerBody()['text']}",
                "headers": {
                  "Authorization": "Bearer @{body('Run_a_Child_Flow_-_Get_Bearer_Token')?['token']}"
                }
              }
            },
            "Parse_JSON": {
              "runAfter": {
                "HTTP": [
                  "Succeeded"
                ]
              },
              "metadata": {
                "operationMetadataId": "b29877ac-f05c-4706-95b4-d72af6c3df24"
              },
              "type": "ParseJson",
              "inputs": {
                "content": "@body('HTTP')",
                "schema": {
                  "type": "object",
                  "properties": {
                    "@@odata.context": {
                      "type": "string"
                    },
                    "value": {
                      "type": "array",
                      "items": {
                        "type": "object",
                        "properties": {
                          "@@odata.etag": {
                            "type": "string"
                          },
                          "ccmsft_stockstatus": {
                            "type": "integer"
                          },
                          "_owningbusinessunit_value": {
                            "type": "string"
                          },
                          "statecode": {
                            "type": "integer"
                          },
                          "statuscode": {
                            "type": "integer"
                          },
                          "crb5f_price_base": {},
                          "_createdby_value": {
                            "type": "string"
                          },
                          "crb5f_brand": {
                            "type": "string"
                          },
                          "crb5f_retailpurchasesid": {
                            "type": "string"
                          },
                          "ccmsft_haveinventory": {
                            "type": "boolean"
                          },
                          "crb5f_price": {},
                          "createdon": {
                            "type": "string"
                          },
                          "ccmsft_modelname": {
                            "type": "string"
                          },
                          "_owninguser_value": {
                            "type": "string"
                          },
                          "_modifiedby_value": {
                            "type": "string"
                          },
                          "versionnumber": {
                            "type": "integer"
                          },
                          "exchangerate": {
                            "type": "integer"
                          },
                          "modifiedon": {
                            "type": "string"
                          },
                          "_ownerid_value": {
                            "type": "string"
                          },
                          "_transactioncurrencyid_value": {
                            "type": "string"
                          },
                          "overriddencreatedon": {},
                          "crb5f_instrumentname": {},
                          "crb5f_purchasedate": {},
                          "importsequencenumber": {},
                          "_modifiedonbehalfby_value": {},
                          "crb5f_purchaseid": {},
                          "utcconversiontimezonecode": {},
                          "_createdonbehalfby_value": {},
                          "ccmsft_quantity": {},
                          "_owningteam_value": {},
                          "ccmsft_year": {},
                          "crb5f_customername": {},
                          "timezoneruleversionnumber": {}
                        },
                        "required": [
                          "@@odata.etag",
                          "ccmsft_stockstatus",
                          "_owningbusinessunit_value",
                          "statecode",
                          "statuscode",
                          "crb5f_price_base",
                          "_createdby_value",
                          "crb5f_brand",
                          "crb5f_retailpurchasesid",
                          "ccmsft_haveinventory",
                          "crb5f_price",
                          "createdon",
                          "ccmsft_modelname",
                          "_owninguser_value",
                          "_modifiedby_value",
                          "versionnumber",
                          "exchangerate",
                          "modifiedon",
                          "_ownerid_value",
                          "_transactioncurrencyid_value",
                          "overriddencreatedon",
                          "crb5f_instrumentname",
                          "crb5f_purchasedate",
                          "importsequencenumber",
                          "_modifiedonbehalfby_value",
                          "crb5f_purchaseid",
                          "utcconversiontimezonecode",
                          "_createdonbehalfby_value",
                          "ccmsft_quantity",
                          "_owningteam_value",
                          "ccmsft_year",
                          "crb5f_customername",
                          "timezoneruleversionnumber"
                        ]
                      }
                    }
                  }
                }
              }
            }
          },
          "runAfter": {},
          "metadata": {
            "operationMetadataId": "97885a51-b6dd-402e-8d2e-7405df24e273"
          },
          "type": "Scope"
        }
      }
    },
    "templateName": ""
  },
  "schemaVersion": "1.0.0.0"
}